,time,height
0,9.51999999998,0.23008701920509333
1,9.53999999998,0.2298429679870605
2,9.55999999998,0.2300565910339355
3,9.57999999998,0.23007852554321284
4,9.59999999997,0.22983527898788447
5,9.61999999997,0.22993314981460566
6,9.63999999997,0.22988576412200923
7,9.65999999997,0.2298204374313354
8,9.67999999997,0.22992230176925654
9,9.69999999997,0.22990293025970454
10,9.71999999997,0.22983241796493525
11,9.73999999997,0.22993508696556086
12,9.75999999997,0.22988552570343013
13,9.77999999997,0.2298703265190124
14,9.79999999997,0.2299073708057403
15,9.81999999997,0.22981718897819514
16,9.83999999997,0.22978115797042842
17,9.85999999997,0.2298957479000091
18,9.87999999996,0.2298015427589416
19,9.89999999996,0.2297758531570434
20,9.91999999996,0.2298720550537109
21,9.93999999996,0.22979832410812373
22,9.95999999996,0.22977108478546138
23,9.97999999996,0.22990987420082087
24,9.99999999996,0.22975973010063167
