time,discharge
-5.55112e-17,-0.129
0.04818,3.055
0.07812,5.273
0.11719,8.135
0.14583,10.643
0.20898,15.788
0.27018,21.158
0.33659,26.334
0.40169,31.479
0.46354,36.785
0.52604,41.994
0.58854,47.331
0.65299,52.605
0.71875,57.878
0.78385,62.99
0.85221,68.264
0.93034,73.569
1.01497,78.746
1.07357,81.19
1.11328,83.055
1.17448,84.63
1.28255,86.302
1.34701,87.331
1.42578,88.585
1.51628,89.389
1.67188,89.646
1.98372,90.257
2.24284,90.804
